playlist,track_name,artist,album,release_date,popularity,track_id
Bollywood Top 50,Tum Se Hi,"Pritam, Mohit Chauhan, Irshad Kamil",Jab We Met,2007-09-21,76,7eQl3Yqv35ioqUfveKHitE
Bollywood Top 50,"Bekhayali (Arijit Singh Version) [From ""Kabir Singh""]","Arijit Singh, Sachet-Parampara","Bekhayali (Arijit Singh Version) [From ""Kabir Singh""]",2019-06-03,52,6aPMWbbdhDhiJHlknZb9Yx
Bollywood Top 50,Pal Pal,"Afusic, AliSoomroMusic",Pal Pal,2025-02-17,72,4LMlVCXHJtCE9abhmn0mYo
Bollywood Top 50,Khamoshiyan,"Jeet Gannguli, Arijit Singh, Rashmi Virag",Khamoshiyan (Original Motion Picture Soundtrack),2014-12-29,70,6zCQF5tu7HVwU9shhKqiuF
Bollywood Top 50,"Iktara (From ""Wake Up Sid"")","Amit Trivedi, Kavita Seth, Amitabh Bhattacharya",Perfect 10: Love Story,2012-01-20,33,0RJ7HhnQxJEOpGC5Htmez4
Bollywood Top 50,Tu Jaane Na,"Atif Aslam, Pritam",Ajab Prem Ki Ghazab Kahani (Original Motion Picture Soundtrack),2009-11-06,69,4iFPsNzNV7V9KJgcOX7TEO
Bollywood Top 50,Raabta,"Pritam, Arijit Singh",Agent Vinod,2012-02-24,74,6FjbAnaPRPwiP3sciEYctO
Bollywood Top 50,Tujhe Bhula Diya,"Vishal-Shekhar, Mohit Chauhan, Shekhar Ravjiani, Shruti Pathak",Anjaana Anjaani,2010-08-19,68,4r8JqkhpTb5tzSKKHnVJIJ
Bollywood Top 50,Isq Risk,"Sohail Sen, Rahat Fateh Ali Khan, Irshad Kamil",Mere Brother Ki Dulhan,2011-09-08,65,0rxEPf4Y6uBmV3hkrV340a
Bollywood Top 50,"Sanam Re (From ""Sanam Re"")","Mithoon, Arijit Singh",Love Forever With Arijit Singh,2017-06-07,59,3XWBGyt7m2rZAjEj0awWnw
Bollywood Top 50,Judaai,"Sachin-Jigar, Rekha Bhardwaj, Arijit Singh, Priya Saraiya",Badlapur (Original Motion Picture Soundtrack),2014-12-09,66,2MsGTWvf7dcjKbI0WTq6Pz
Bollywood Top 50,Agar Tum Saath Ho,"Alka Yagnik, Arijit Singh",Tamasha,2015-10-16,71,3hkC9EHFZNQPXrtl8WPHnX
Bollywood Top 50,Aye Khuda,Salim Merchant,Paathshaala,2010-03-15,58,1vgVsR5rkXGP4NmUcoroJH
Bollywood Top 50,Ilahi,"Pritam, Arijit Singh",Yeh Jawaani Hai Deewani,2013-03-30,72,5cgKosPPj5Cs9a2JQufUc1
Bollywood Top 50,Kabhi Kabhi Aditi,Rashid Ali,Jaane Tu... Ya Jaane Na,2008-05-21,69,3APdIdF8H0jsxSuGOqXedS
Bollywood Top 50,Suno- Na Sangemarmar,Arijit Singh,Youngistaan,2014-03-05,0,2ESscisnKdryn50fPeHd7O
Bollywood Top 50,Jab Se Tere Naina,"Monty Sharma, Shaan",Saawariya (Original Motion Picture Soundtrack),2007-09-14,69,0gRNu9dVzi5aC87AI1empZ
Bollywood Top 50,Baarish,"Mohammed Irfan, Gajendra Verma, Mithoon",Yaariyan,2013-12-09,66,6ABHr8kYCws5z6gC9Lwith
Bollywood Top 50,Heeriye (feat. Arijit Singh),"Jasleen Royal, Arijit Singh, Dulquer Salmaan",Heeriye (feat. Arijit Singh),2023-07-25,75,5PUXKVVVQ74C3gl5vKy9Li
Bollywood Top 50,"Tere Vaaste (From ""Zara Hatke Zara Bachke"")","Varun Jain, Sachin-Jigar, Shadab Faridi, Altamash Faridi, Amitabh Bhattacharya","Tere Vaaste (From ""Zara Hatke Zara Bachke"")",2023-05-22,63,46hzNOUOAlivuCZZ0wE3zi
Bollywood Top 50,Sawan Aaya Hai,"Tony Kakkar, Arijit Singh",Creature 3D,2014-08-16,62,2znIV62IxtbY9gSEPdIAho
Bollywood Top 50,Subhanallah,"Pritam, Sreeram, Shilpa Rao",Yeh Jawaani Hai Deewani,2013-03-30,74,0GQngE2rOYvlKwEQjTAsP8
Bollywood Top 50,"Jeena Jeena (From ""Badlapur"")",Atif Aslam,"Jeena Jeena (From ""Badlapur"")",2015-01-15,0,6h09y5UH6sDRERJALlaJPi
Bollywood Top 50,"Hawayein (From ""Jab Harry Met Sejal"")","Pritam, Arijit Singh","Hawayein (From ""Jab Harry Met Sejal"")",2017-07-26,64,6871FKHumiy1Wfr6vF7Xxt
Bollywood Top 50,"Kya Mujhe Pyar Hai (From ""Woh Lamhe"")","Pritam, KK",Evergreen Hits Of K.K.,2022-06-01,57,7fW9J3EpVWVN1ouv0slAs0
Bollywood Top 50,Challa,"A.R. Rahman, Rabbi, Gulzar",Jab Tak Hai Jaan,2012-10-09,63,6wXPV6dNRAhFavrRaCdMXT
Bollywood Top 50,Kalank (Title Track),Arijit Singh,Kalank - Title Track (Kalank),2019-03-30,0,7G5wpuR61ABrT7R1snos7C
Bollywood Top 50,Dil Mein Ho Tum,Armaan Malik,Why Cheat India,2019-01-12,44,6P10EoBs8D9L7kjwgNkwFN
Bollywood Top 50,Ae Dil Hai Mushkil Title Track,"Pritam, Arijit Singh",Ae Dil Hai Mushkil (Original Motion Picture Soundtrack) [Deluxe Edition],2016-10-26,72,1UWacd8x8tPPwmrPB1MoBI
Bollywood Top 50,"Bulleya (From ""Ae Dil Hai Mushkil"")","Pritam, Amit Mishra, Shilpa Rao","Bulleya (From ""Ae Dil Hai Mushkil"")",2016-10-26,52,0edt0Ar7ewLkMqy0jUtSWm
Bollywood Top 50,Khairiyat,"Pritam, Arijit Singh",Chhichhore,2019-08-31,70,5O932cZmzOZGOGZz9RHx20
Bollywood Top 50,Humsafar,"Akhil Sachdeva, Mansheel Gujral",Badrinath Ki Dulhania,2017-02-14,68,6TFESXMfJJWwccviaxGAMa
Bollywood Top 50,"Bolna (From ""Kapoor & Sons (Since 1921)"")","Tanishk Bagchi, Arijit Singh, Asees Kaur","Bolna (From ""Kapoor & Sons (Since 1921)"")",2016-03-04,66,3GrCQPpKqKzOcKfMAoqn82
Bollywood Top 50,"Galliyan (Unplugged) [From ""Ek Villain""]","Shraddha Kapoor, Ankit Tiwari",Best Of Shraddha Kapoor,2017-03-03,42,5hhsS7RcsT09Gx1l1ocPqy
Bollywood Top 50,Duaa,"Vishal-Shekhar, Nandini Srikar, Arijit Singh",Shanghai,2012-05-04,60,606dT4oMKQc9uDUv7ADy97
Bollywood Top 50,Tu Hai Ki Nahi,"Ankit Tiwari, Abhendra Kumar Upadhyay",Roy,2015-01-09,67,4brSaQIT3bnnE41D042fgL
Bollywood Top 50,,,,0000,0,16BGhwv8wYXkv2mMJF7ryv
Bollywood Top 50,,,,0000,0,3hp6JfJIxkv3sl7E6p7DQj
Bollywood Top 50,Manali Trance,"Yo Yo Honey Singh, Neha Kakkar",The Shaukeens,2018-08-07,0,4JebLCO8mRNgLCb9iNQwNW
Bollywood Top 50,Naina,Arijit Singh,Dangal,2016-12-14,0,6sKPX8s8UsjGYP6Wt1uwhZ
Bollywood Top 50,O Saiyyan,"Ajay-Atul, Roop Kumar Rathod",Agneepath (Original Motion Picture Soundtrack),2011-12-16,53,1sL8hnnZaB2Xzm1J66y4Tt
Bollywood Top 50,"Ya Rabba (From ""Salaam-E-Ishq"")",Kailash Kher,Best Of Kailash Kher,2017-07-06,57,7KKRPM4fUsfCkJnd1zPhHf
Bollywood Top 50,Main Hoon Hero Tera (Sad Version),"Armaan Malik, Amaal Mallik",Main Hoon Hero Tera (Sad Version),2015-09-14,40,7AILi7PCizdNrnOcbAkDmo
Bollywood Top 50,Tera Ban Jaunga,"Akhil Sachdeva, Tulsi Kumar, Kumaar",Kabir Singh,2019-06-14,70,3oWxFNsXstcancCR1wODR4
Bollywood Top 50,Zinda,Amit Trivedi,Lootera,2013-05-29,53,1gEHNfJRSXpDVaEicwRRfe
Bollywood Top 50,Medley: Kehna Galat Galat / Halka Halka Suroor,"Madhur Sharma, Nusrat Fateh Ali Khan",Medley: Kehna Galat Galat / Halka Halka Suroor,2021-12-01,0,78CHk5OPRMsm30e5q9Jm8h
Bollywood Top 50,Ke Bin Tere,Mithoon,Aggar: Passion Betrayal Terror,2007-07-30,36,2o4xleLpqueckpCnHbVFvU
Bollywood Top 50,"Tera Deedar Hua (From ""Jannat 2"")","Pritam, Anupam Amod, Rahat Fateh Ali Khan",Best of Me Pritam,2013-02-01,35,36rdBb7kFXXYlrkIDT2A00
Bollywood Top 50,Teri Deewani,"Kailash Kher, Paresh Kamath, Naresh Kamath",Kailasa,2006-02-24,75,2iNqdCchlUZEgjJbQyZf8T
Bollywood Top 50,Jaane Nahin Denge Tujhe,Sonu Nigam,3 Idiots,2009-11-09,0,19SF5nItZDNoGKFq6uoPNB
Bollywood Top 50,,,,0000,0,2EM2vuV1jMHPQZ9SUJSB39
Bollywood Top 50,Sunn Raha Hai (Male Version),Ankit Tiwari,Aashiqui 2,2013-04-06,72,5PvwPy5eRO8BPwpRzCHK3D
Bollywood Top 50,Samjhawan,"Jawad Ahmad, Shaarib Toshi, Arijit Singh, Shreya Ghoshal",Samjhawan,2014-06-19,71,0rk2X5TAhraBC5aCIXK2Rq
Bollywood Top 50,Pal,"Javed-Mohsin, Arijit Singh, Shreya Ghoshal, Kunaal Vermaa, Prashant Ingole",Pal,2018-09-14,69,5G7pZ8G8NFvS1MQ9H4L7dC
Bollywood Top 50,Hasi - Male Version,"Ami Mishra, Kunaal Vermaa",Hamari Adhuri Kahani (Original Motion Picture Soundtrack),2015-05-21,74,32765xcLM1fd6wQIpkN9A0
Bollywood Top 50,Abhi Mujh Mein Kahin,"Ajay-Atul, Sonu Nigam",Agneepath (Original Motion Picture Soundtrack),2011-12-16,63,73y649QhnXdcm6fRdvfraO
Bollywood Top 50,"Mere Nishaan (From ""Oh My God"")","Kailash Kher, Meet Bros Anjjan",Best Of Kailash Kher,2017-07-06,55,7y2LdSannuZhlHK3eTOyly
Bollywood Top 50,Khwahishein,"Salim–Sulaiman, Shreya Ghoshal",Heroine (Original Motion Picture Soundtrack),2012-06-24,37,31TxQlV1owDhlyFiJvMfuW
Bollywood Top 50,"Tum Tak (From ""Raanjhanaa"")","A.R. Rahman, Javed Ali, KIRTI SAGATHIA, Pooja AV",Piya Milenge,2013-05-31,46,1aHS6fpEmaGp0U5r4fQNu0
Bollywood Top 50,Tujh Mein Rab Dikhta Hai,"Salim–Sulaiman, Roop Kumar Rathod, Jaideep Sahni",Rab Ne Bana Di Jodi,2008-11-06,71,2LcXJP95e4HKydTZ2mYfrx
Bollywood Top 50,Mast Magan,"Arijit Singh, Chinmayi",2 States,2014-03-14,71,3uL1IBFhg52VcQqOwAG01E
Bollywood Top 50,Tera Rastaa Chhodoon Na,"Vishal-Shekhar, Amitabh Bhattacharya, Anusha Mani",Chennai Express,2013-07-03,66,7cLGKaJXLFpUU7Up34vVr1
Bollywood Top 50,Soch Na Sake,Arijit Singh,Airlift,2015-12-17,45,71rvcGbKcdAkbVJSrsAsh7
Bollywood Top 50,Janam Janam,"Pritam, Arijit Singh, Antara Mitra",Dilwale (Original Motion Picture Soundtrack),2015-11-17,71,4km0RUkMMFdx8iDuq36o2w
Bollywood Top 50,Moh Moh Ke Dhaage (Female),"Anu Malik, Monali Thakur, Varun Grover",Dum Laga Ke Haisha,2015-02-09,60,7uubRr0u9Zxc1Y84hEn7Xf
Bollywood Top 50,Moh Moh Ke Dhaage (Male),"Anu Malik, Papon, Varun Grover",Dum Laga Ke Haisha,2015-02-09,58,189DQylImZ1hGZaIpAQUzx
Bollywood Top 50,Manwa Laage,"Shreya Ghoshal, Arijit Singh",Happy New Year,2014-09-26,62,3H43T5swYywvcdCBFiDgW6
Bollywood Top 50,Mileya Mileya,"Rekha Bhardwaj, Jigar Saraiya, Priya Andrews",Happy Ending (Original Motion Picture Soundtrack),2014-10-21,0,2IarWd16hKAvXU8vnEunVb
Bollywood Top 50,"Malang (Title Track) [From ""Malang - Unleash The Madness""]","Ved Sharma, Kunaal Vermaa","Malang (Title Track) [From ""Malang - Unleash The Madness""]",2020-01-16,63,25MPTnqXQB1H6OkwSYUXWx
Bollywood Top 50,Bol Do Na Zara,"Armaan Malik, Amaal Mallik, Rashmi Virag",Azhar,2016-04-07,61,6eO9LvEiMqh1CAsa6y3wXP
Bollywood Top 50,Phir Mohabbat,"Mohammed Irfan, Arijit Singh, Saim Bhat",Murder 2,2011-05-30,68,2b2HutIDmoeBnnKRWDLAtV
Bollywood Top 50,Kaun Tujhe (Armaan Malik Version),"Armaan Malik, Amaal Mallik",Kaun Tujhe (Armaan Malik Version),2017-01-11,60,5fjIpQa7O7ttgx64TN9lZR
Bollywood Top 50,Kaun Tujhe,"Palak Muchhal, Amaal Mallik, Manoj Muntashir",M.S.Dhoni - The Untold Story,2016-09-17,64,5T2ZZiBMDGh3TZDUbxg4rV
Bollywood Top 50,Shayad,"Pritam, Arijit Singh",Love Aaj Kal (Original Motion Picture Soundtrack),2020-02-14,74,1smFN2CLqGROu0J0UyvDfL
Bollywood Top 50,"Ek Ladki Ko Dekha Toh Aisa Laga (From ""Ek Ladki Ko Dekha Toh Aisa Laga"")","Darshan Raval, Rochak Kohli","Ek Ladki Ko Dekha Toh Aisa Laga (From ""Ek Ladki Ko Dekha Toh Aisa Laga"") - Single",2019-01-08,49,3IOgP2PSCTdoAID7VmMGEh
Bollywood Top 50,,,,0000,0,4JQxGJ8jsKW8pOUVoAgOZr
Bollywood Top 50,Main Rahoon Ya Na Rahoon,"Amaal Mallik, Armaan Malik, Rashmi Virag",Main Rahoon Ya Na Rahoon,2015-11-24,68,6f3ANRNQ8nCiPZ6VqXqq93
Bollywood Top 50,Kyun Main Jaagoon,Shafqat Amanat Ali,Patiala House,2011-01-07,58,6wsMVa2M6Ktea2UbnVoMvO
Bollywood Top 50,Dil Kyun Yeh Mera,KK,Kites,2010-03-29,59,5nHwX7e5XHnie22nuTFgda
Bollywood Top 50,"Ijazat (From ""One Night Stand"")","Meet Bros., Arijit Singh",Love Forever With Arijit Singh,2017-06-07,57,3JUmNYQyJKeRq2a3RR8K71
Bollywood Top 50,"Pani Da Rang Male (From ""Vicky Donor"")",Ayushmann Khurrana,Vicky Donor,2012-04-04,0,4kaLkst9lT3sQ5Crgxs3ic
Bollywood Top 50,"Proper Patola (From ""Proper Patola"") (feat. Badshah)","Diljit Dosanjh, Badshah",Proper Patola,2013-08-09,53,1J2LcFOhhXbgn54CjxZz25
Bollywood Top 50,Blue Eyes,Yo Yo Honey Singh,Blue Eyes,2013-11-08,72,7wW9scVNLYFLsmBb1yAUmS
Bollywood Top 50,Love Dose,Yo Yo Honey Singh,Desi Kalakaar,2014-09-26,73,1QZRCi2Z1DQQaR6bGAzhtN
Bollywood Top 50,Brown Rang,Yo Yo Honey Singh,Chaar Ikke,2018-07-10,40,3JbIyrSNumxS5LHpAvLYF5
Bollywood Top 50,Angreji Beat,"Yo Yo Honey Singh, Gippy Grewal",Chaar Ikke,2018-07-10,39,377GChk68wFN4vwL5xUTEy
Bollywood Top 50,Amplifier,Imran Khan,Amplifier,2009-07-27,0,3f8t2LZGYtdNQh8SNEiZcG
Bollywood Top 50,Udd Gaye - Bacardi House Party Sessions,Ritviz,Udd Gaye (Bacardi House Party Sessions),2017-11-27,0,5ZsAhuQ24mWHiduaxJqnhW
Bollywood Top 50,"Main Rang Sharbaton Ka (From ""Phata Poster Nikhla Hero"")","Atif Aslam, Chinmayi, Pritam",Phata Poster Nikhla Hero (Original Motion Picture Soundtrack),2013-09-10,0,2IEhtVeM9TVql8fZdKdlo9
Bollywood Top 50,Mere Bina,"Pritam, Nikhil D'Souza",Crook (Original Motion Picture Soundtrack),2010-09-03,71,4rSmmC6OYmjVOYxr8ruVWN
Bollywood Top 50,Muskurane - Romantic,"Jeet Gannguli, Arijit Singh, Rashmi Virag",Citylights (Original Motion Picture Soundtrack),2014-05-12,68,6fW78cd0p3ZDUzoqvx2Xqe
Bollywood Top 50,Shukran Allah,"Salim–Sulaiman, Sonu Nigam, Shreya Ghoshal, Salim Merchant",Kurbaan (Original Motion Picture Soundtrack),2009-10-15,61,3nKEiJUeaWn8q2O9I1xwlB
Bollywood Top 50,Titliaan,"Afsana Khan, Avvy Sra, Harrdy Sandhu, Sargun Mehta",Titliaan,2020-11-09,61,1980E4Grgu5xAhNbFZ1mb1
Bollywood Top 50,Paniyon Sa,"Rochak Kohli, Atif Aslam, Tulsi Kumar","Paniyon Sa (From ""Satyameva Jayate"")",2018-07-12,67,2si0ZNx4yRbggTvrIom8A2
Bollywood Top 50,Kabira,"Pritam, Tochi Raina, Rekha Bhardwaj",Yeh Jawaani Hai Deewani,2013-03-30,74,4bD9z9qa4qg9BhryvYWB7c
Bollywood Top 50,Bin Tere,"Vishal-Shekhar, Shafqat Amanat Ali, Sunidhi Chauhan",I Hate Luv Storys (Original Motion Picture Soundtrack),2010-05-25,72,3bZPdEskcnMdepwCaDSJRl
Bollywood Top 50,"Enna Sona (From ""OK Jaanu"")","A.R. Rahman, Arijit Singh","Enna Sona (From ""OK Jaanu"")",2017-01-04,56,1Wf5q34m4hTnAxCljiAonb
Bollywood Top 50,Mar Jawaan,"Shruti Pathak, Salim Merchant",Fashion,2008-09-19,55,0ErXZ1NMqOEFGJPQvU9OKF
Bollywood Top 50,Humdard,"Arijit Singh, Mithoon",Ek Villain,2014-05-28,67,1OEmd2iXU8pWG7CrKNpGUg
Bollywood Top 50,Humnava Mere,"Jubin Nautiyal, Manoj Muntashir",Humnava Mere,2018-05-23,72,0loZn1c5heXie7OAtvK6nH
Bollywood Top 50,Tum Ho,"Mohit Chauhan, Suzanne D'Mello",Rockstar,2011-10-01,65,7uNnlVit5qDvfOje0pqICF
Bollywood Top 50,Tum Mile,"Pritam, Neeraj Shridhar",Tum Mile (Original Motion Picture Soundtrack),2009-09-08,73,1EjxJHY9A6LMOlvyZdwDly
Bollywood Top 50,Tune Jo Na Kaha,"Pritam, Mohit Chauhan, Sandeep Shrivastava",New York,2009-06-10,65,0pw3p4gf5homOkvOGOJulF
Bollywood Top 50,Ye Tune Kya Kiya,"Pritam, Javed Bashir",Once Upon Ay Time In Mumbai Dobaara !,2013-07-22,79,2cPUB8EOT6AfJ8oxhyoNXL
Bollywood Top 50,Yeh Jism,Ali Azmat,Jism 2,2012-07-06,60,4sRcdrQrFilYpMIybCwgKU
Bollywood Top 50,Zara Zara,Omkar,Zara Zara,2019-09-11,0,6yOSe7ltby5828c6SwGgno
Bollywood Top 50,Teri Meri,"Rahat Fateh Ali Khan, Shreya Ghoshal",Bodyguard,2011-07-27,63,1HT0RzPuChHC1kWbIplHyw
Bollywood Top 50,Khuda Jaane,"Vishal-Shekhar, KK, Shilpa Rao, Anvita Dutt Guptan",Bachna Ae Haseeno,2008-07-05,74,0gPgdRfB4jdGrlyXS0Vx78
Bollywood Top 50,,,,0000,0,3kjSTFS1tCx3eIRjnYWe5a
Bollywood Top 50,Sajdaa,"Shankar-Ehsaan-Loy, Rahat Fateh Ali Khan, Shankar Mahadevan, Richa Sharma",My Name Is Khan (Original Motion Picture Soundtrack),2010-01-05,0,0Qa9pTZLUC95wJCHGYMIg4
Bollywood Top 50,Kisi Se Pyar Ho Jaye,"Jubin Nautiyal, Gourov-Roshin, Rajesh Roshan, Kumaar, Anand Bakshi",Kaabil,2016-12-22,51,2RIFyeYTPMHesJsWPW2Z8v
Bollywood Top 50,Kaabil Hoon,"Jubin Nautiyal, Palak Muchhal, Rajesh Roshan, Nasir Faraaz",Kaabil,2016-12-22,48,0Bph99neebTJZ6rsIhd0sN
Bollywood Top 50,Shikayatein,"Mohan Kannan, Amitabh Bhattacharya, Amit Trivedi",Lootera,2013-05-29,39,1veNS1osFHTWf2G6q5AbuQ
Bollywood Top 50,Khaabon Ke Parinday,"Alyssa Mendonsa, Mohit Chauhan",Zindagi Na Milegi Dobara,2011-06-06,55,14eotumM24MhIgzidgN3Jx
Bollywood Top 50,"Naina (From ""Omkara"")",Rahat Fateh Ali Khan,Omkara,2006,0,1lYH10ZZQyeeGbYugIvVkH
Bollywood Top 50,Ishq Wala Love,"Vishal-Shekhar, Shekhar Ravjiani, Salim Merchant, Neeti Mohan",Student of the Year (Original Motion Picture Soundtrack),2012-08-31,72,1hQia6rxgfM1ly2hE3StWp
Bollywood Top 50,Jiya Re,"A.R. Rahman, Neeti Mohan, Gulzar",Jab Tak Hai Jaan,2012-10-09,59,21Af1fetSINZpmAS3si8DW
Bollywood Top 50,Tere Mast Mast Do Nain,Rahat Fateh Ali Khan,Dabangg,2010-08-04,61,2WnpXcXoX1vYvERYG3eKlT
Bollywood Top 50,Rehna Tu,"A.R. Rahman, Prasoon Joshi",Delhi-6,2009-01-19,47,5RZbS87YI2wd87SWuO0YAX
Bollywood Top 50,,,,0000,0,0ZHILXmUaVSLEOCWxPQ1ga
Bollywood Top 50,Tera Hone Laga Hoon,"Atif Aslam, Alisha Chinai, Pritam",Ajab Prem Ki Ghazab Kahani (Original Motion Picture Soundtrack),2009-11-06,69,0dLbrlAVPPjpPqnYfmJsWk
Bollywood Top 50,Be Intehaan,"Atif Aslam, Sunidhi Chauhan, Pritam",Race 2 (Original Motion Picture Soundtrack),2012-01-25,60,6g0HHWLJwfe2PlbgHi8pBj
Bollywood Top 50,Chand Sifarish,"Jatin-Lalit, Shaan, Kailash Kher, Prasoon Joshi",Fanaa,2006-04-12,71,5EYZZvmNAH5VZCwuzYJqoA
Bollywood Top 50,Bakhuda Tumhi Ho,"Atif Aslam, Alka Yagnik, Pritam",Kismat Konnection (Original Motion Picture Soundtrack),2008-07-18,61,0h73AwuEY2x44cBMOP58fO
Bollywood Top 50,Pee Loon,"Pritam, Mohit Chauhan, Irshad Kamil",Once Upon A Time In Mumbaai,2010-06-29,74,52itZ0w0CydihB2JCZEIft
Bollywood Top 50,,,,0000,0,4BOYIpYF7zTYtAkpjoD687
Bollywood Top 50,Saiyyan,"Kailash Kher, Paresh Kamath, Naresh Kamath",Jhoomo Re,2011-06-03,73,2vR23BjIzpLMtzsyKrM6Mb
Bollywood Top 50,Kun Faya Kun,"A.R. Rahman, Javed Ali, Mohit Chauhan",Rockstar,2011-10-01,70,7F8RNvTQlvbeBLeenycvN6
Bollywood Top 50,,,,0000,0,7lGhrfren1Zpwh0ds0zuUg
Bollywood Top 50,"Thodi Jagah (From ""Marjaavaan"")","Arijit Singh, Tanishk Bagchi, Rashmi Virag","Thodi Jagah (From ""Marjaavaan"")",2019-10-18,68,3f0wz6zcA7XkQiGm0qNF5r
Bollywood Top 50,Vaaste,"Dhvani Bhanushali, Nikhil D'Souza, Tanishk Bagchi",Vaaste,2019-04-06,63,0mJTAdmY8olbGQjopDYff3
Bollywood Top 50,Chahun Main Ya Naa,"Palak Muchhal, Arijit Singh",Aashiqui 2,2013-04-06,71,6UgcN95w7vQxkR8sEFmwHG
Bollywood Top 50,Jashn-E-Bahaaraa,"A.R. Rahman, Javed Ali",Jodhaa Akbar (Original Motion Picture Soundtrack),2007-12-31,70,1O5mTSQa0sCce9ghhDqIZl
Bollywood Top 50,Main Tera Dhadkan Teri,"KK, Hard Kaur, Sunidhi Chauhan, Pritam",Ajab Prem Ki Ghazab Kahani (Original Motion Picture Soundtrack),2009-11-06,52,2aGnaihxhjYe0aNoxIkvtS
Bollywood Top 50,Shaayraana,"Pritam, Arijit Singh",Holiday (Original Motion Picture Soundtrack),2014-05-30,0,4zrXk2Sj4PCJCOJ9azRZc3
Bollywood Top 50,Dooriyan,"Mohit Chauhan, Pritam",Love Aaj Kal (Original Motion Picture Soundtrack),2009-07-31,0,5F79ZdjOwGOhUKRHx94sr1
Bollywood Top 50,Hale Dil,Harshit Saxena,Murder 2,2011-05-30,72,6GQK4G5o60E8YA18DGpAzv
Bollywood Top 50,Dil Ibaadat,"Pritam, KK",Tum Mile (Original Motion Picture Soundtrack),2009-09-08,74,3Kl8p2PxVf8eAayLwTxOIm
Bollywood Top 50,Bheegi Si Bhaagi Si,"Pritam, Mohit Chauhan, Antara Mitra",Raajneeti (Original Motion Picture Soundtrack),2010-05-12,64,665b3Nss3OQmhTUdB5hBXw
Bollywood Top 50,Tu Hi Mera,"Pritam, Shafqat Amanat Ali",Jannat 2 (Original Motion Picture Soundtrack),2012-03-30,74,1CVqr5LImdmJ1Upt4z08Pm
Bollywood Top 50,O Meri Jaan,"Pritam, KK",Tum Mile (Original Motion Picture Soundtrack),2009-09-08,47,621NCDEU2Pfd5R1oCqnju8
Bollywood Top 50,Tujhe Sochta Hoon,"Pritam, KK",Jannat 2 (Original Motion Picture Soundtrack),2012-03-30,68,47l2Dd3XPBLio3kjbEMyDJ
Bollywood Top 50,Yaariyaan,"Shilpa Rao, Mohan Kannan",Cocktail,2012-06-12,0,0EiZCuVOP3E9MobSidssSC
Bollywood Top 50,Kurbaan Hua,"Salim–Sulaiman, Vishal Dadlani",Kurbaan (Original Motion Picture Soundtrack),2009-10-15,50,1PH0yXNGtSZbL2eufpgFJ4
Bollywood Top 50,"Hardum Humdum (From ""Ludo"")","Pritam, Arijit Singh","Hardum Humdum (From ""Ludo"")",2020-10-31,35,33m7jeZJqPuuV2YZoF5yEs
Bollywood Top 50,Lut Gaye,"Jubin Nautiyal, Tanishk Bagchi, Manoj Muntashir, Nusrat Fateh Ali Khan",Lut Gaye,2021-02-17,63,2ufLEVbzvEcJ3subW8jBUp
Bollywood Top 50,Satisfya,Imran Khan,Satisfya,2013-05-09,65,6HGoVbCUr63SgU3TjxEVj6
Bollywood Top 50,Sawaar Loon,"Monali Thakur, Amit Trivedi",Lootera,2013-05-29,68,29YePgOxuPLfU7uZKxKf6w
Bollywood Top 50,"Aabaad Barbaad (From ""Ludo"")","Pritam, Arijit Singh","Aabaad Barbaad (From ""Ludo"")",2020-10-21,61,0hFUtSsV2itYEUTZGj6w5H
Bollywood Top 50,Masakali,"Mohit Chauhan, A.R. Rahman, Prasoon Joshi",Delhi-6,2009-01-19,64,5iyNH1Dmxif1k4Nl1gMeuh
Bollywood Top 50,Manchala,"Vishal-Shekhar, Shafqat Amanat Ali, Nupur Pant",Hasee Toh Phasee (Original Motion Picture Soundtrack),2014-01-05,62,3zAXHUL5YcYOA41rruvjy4
Bollywood Top 50,,,,0000,0,0zuqABAUKs8WLVq8vCmfst
Bollywood Top 50,Ambarsariya,Sona Mohapatra,Fukrey,2013-05-14,67,4qRcjFkFqSpLBzcbLDt7HL
Bollywood Top 50,,,,0000,0,4fgJe7zBjVXvs8HxtE21Y9
Bollywood Top 50,Aas Paas Khuda,"Vishal-Shekhar, Rahat Fateh Ali Khan",Anjaana Anjaani,2010-08-19,62,3kuxr8U3QynLzyW82p5hYR
Bollywood Top 50,Main Hoon Hero Tera (Armaan Malik Version),Armaan Malik,Hero,2015-08-14,47,7jDKrOCSA26DfGy3ZAVVoI
Bollywood Top 50,Hua Hain Aaj Pehli Baar,"Amaal Mallik, Manoj Yadav, Armaan Malik, Palak Muchhal",Sanam Re,2016-01-04,63,2ygHwkk6BE4o1YKF2jhrFX
Bollywood Top 50,"Koi Jaane Na (Title Track) [From ""Koi Jaane Na""]","Amaal Mallik, Armaan Malik, Tulsi Kumar","Koi Jaane Na (Title Track) [From ""Koi Jaane Na""]",2021-03-27,27,0OMqV4ioczGl1TjaIcs5QQ
Bollywood Top 50,Main Agar Kahoon,"Vishal-Shekhar, Sonu Nigam, Shreya Ghoshal",Om Shanti Om,2007-09-18,67,0iXLwnLmLwn9y54JtBTNxY
Bollywood Top 50,Safarnama,Lucky Ali,Tamasha,2015-10-16,62,6w458kA8WOAIZr1ublxnK9
Bollywood Top 50,Wajah Tum Ho,"Armaan Malik, Baman, Manoj Muntashir",Hate Story 3,2015-11-04,56,4RzaXbufKNBwaFuzJhGur5
Bollywood Top 50,Guzarish,Javed Ali,Ghajini,2008-11-25,70,2MvCNH9ua0CeOgUQfZf56z
Bollywood Top 50,Yeh Dooriyan,"Pritam, Mohit Chauhan",Love Aaj Kal (Original Motion Picture Soundtrack),2020-02-14,57,6L4QbsQrP9ZiZdz9SfOSGV
Bollywood Top 50,Zaroorat,"Mustafa Zahid, Mithoon",Ek Villain,2014-05-28,65,32U1XMh3DKlm45uvpofhvY
Bollywood Top 50,Main Dhoondne Ko Zamaane Mein,Arijit Singh,Heartless,2014-01-08,67,75p6BrziB5urmwPCeXl3y7
Bollywood Top 50,"Banjaara (From ""Ek Villain"")",Mohammed Irfan,Best Of Shraddha Kapoor,2017-03-03,62,2S6N9pbnkhQRyAx80HmF79
Bollywood Top 50,Mehrama,"Pritam, Darshan Raval, Antara Mitra",Love Aaj Kal (Original Motion Picture Soundtrack),2020-02-14,72,6cUOiOY5qh2FpIQWIYAd2h
Bollywood Top 50,In Dino,"Pritam, Soham",Life In A Metro (Original Motion Picture Soundtrack),2007-03-17,63,6YycppSAeGtSvwmu8qCcr2
Bollywood Top 50,Rab Ka Shukrana,"Pritam, Mohit Chauhan",Jannat 2 (Original Motion Picture Soundtrack),2012-03-30,54,2VJIaxgWeyw9loL1sqKl7c
Bollywood Top 50,Ghar Se Nikalte Hi,"Amaal Mallik, Armaan Malik, Kunaal Vermaa",Ghar Se Nikalte Hi,2018-04-04,52,1Dw8GkFpFjUpNTUpfF5lee
Bollywood Top 50,Tu Jo Mila,"Pritam, KK, Kausar Munir",Bajrangi Bhaijaan,2015-07-07,63,7txLCGOXyDlDXTjtR1Sk4v
Bollywood Top 50,Bhula Dena,Mustafa Zahid,Aashiqui 2,2013-04-06,67,0WNCYgCd33LnBnw22WFuq8
Bollywood Top 50,Meri Aashiqui,"Palak Muchhal, Arijit Singh",Aashiqui 2,2013-04-06,64,3E9ryvrKP3hUWX79PAakH2
Bollywood Top 50,"Ae Zindagi Gale Laga Le - Take, 1","Ilaiyaraaja, Amit Trivedi, Arijit Singh",Dear Zindagi (Original Motion Picture Soundtrack),2016-11-15,47,4TkknEEgy9mpbDtSA9ZrKV
Bollywood Top 50,Milne Hai Mujhse Aayi,Arijit Singh,Aashiqui 2,2013-04-06,69,2iGnFW7m517taq3AJIE6DK
Bollywood Top 50,Sunn Raha Hai (Female Version),Shreya Ghoshal,Aashiqui 2,2013-04-06,65,2kRzgmBlmhvFvCEgMHltWz
Bollywood Top 50,O Saathi,"Atif Aslam, Arko","O Saathi (From ""Baaghi 2"")",2018-03-09,75,6fScgF2Y63ScU73nYju0ny
Bollywood Top 50,Woh Lamhe Woh Baatein,Atif Aslam,Zeher,2005-03-25,0,2HNG9q8rXbnijbPTwCMgsb
Bollywood Top 50,,,,0000,0,4iuKSwDndIZ4KgQDWFgXk7
Bollywood Top 50,Dekhte Dekhte,"Atif Aslam, Nusrat Fateh Ali Khan, Rochak Kohli, Manoj Muntashir",Batti Gul Meter Chalu,2018-09-08,70,1scGwkyXNCl19wrBDhnAWg
Bollywood Top 50,Piya O Re Piya,"Atif Aslam, Shreya Ghoshal, Sachin-Jigar",Tere Naal Love Ho Gaya (Original Motion Picture Soundtrack),2011-02-24,71,5a11x5PUFvJEadMRqtNtTr
Bollywood Top 50,Jeene Laga Hoon,"Atif Aslam, Shreya Ghoshal, Sachin-Jigar",Ramaiya Vastavaiya (Original Motion Picture Soundtrack),2013-07-19,76,3t3wsY5IdLVzB9WidegJSU
Bollywood Top 50,"Tera Hua (From ""Loveyatri"")","Atif Aslam, Tanishk Bagchi","Tera Hua (From ""Loveyatri"")",2018-08-30,59,3zqFsowz5iGbYIxZW5KlKw
Bollywood Top 50,Aao Milo Chalo,"Pritam, Shaan, Ustad Sultan Khan, Irshad Kamil",Jab We Met,2007-09-21,61,6ocOeSjnWPcSTaSsi0zIdY
Bollywood Top 50,,,,0000,0,68QwG6Ni1jFQc5Fit2iXp0
Bollywood Top 50,"Saware (From ""Phantom"")",Arijit Singh,Arijit Singh Broken Strings,2019-04-24,37,4TvWvoxuK9tULN4EQeFh6y
Bollywood Top 50,,,,0000,0,2ZuMkKQXmmxAcsSFDalcPp
Bollywood Top 50,"Nazar Na Lag Jaaye (From ""Stree"")","Ash King, Sachin-Jigar","Nazar Na Lag Jaaye (From ""Stree"")",2018-08-16,61,0cWLJcdvM6QlOQ7UJdB4jb
Bollywood Top 50,Main Agar,"Pritam, Atif Aslam",Tubelight (Original Motion Picture Soundtrack),2017-06-22,63,45IVxWsY3y0wLLk77bZWlA
Bollywood Top 50,,,,0000,0,1ycq2btx7kf6bXdWILZhXa
Bollywood Top 50,Tum Jab Paas,Prateek Kuhad,Tum Jab Paas - Single,2017-04-24,55,3FTRSa9mWB3kKx2jkhUAN3
Bollywood Top 50,Kaisi Hai Ye Rut,Srinivas,Dil Chahta Hai,2001-06-22,45,4x6hxkEuw1XLIwUkUJcDbf
Bollywood Top 50,Maahi Ve,A.R. Rahman,Highway,2014-01-22,71,1sbW5E7w8tnqpYk0Frx8QG
Bollywood Top 50,Rihaa,Arijit Singh,Rihaa,2020-10-04,0,0cyz7pJsZVFGQcQD6ygNzQ
Bollywood Top 50,Liggi,Ritviz,Liggi,2019-12-23,0,7tbzfR8ZvZzJEzy6v0d6el
Bollywood Top 50,Buddhu Sa Mann,"Amaal Mallik, Armaan Malik, Abhiruchi Chand",Kapoor & Sons (Since 1921) (Original Motion Picture Soundtrack),2016-03-04,60,1dxbiVeiV7nQ2V9qXnhJiB
Bollywood Top 50,Meri Tum Ho (Unplugged),"Pritam, Jubin Nautiyal, Ash King",Ludo,2020-11-13,34,1BVlbuPTabrUN73h7LgyaY
Bollywood Top 50,Pehla Pyaar,"Armaan Malik, Vishal Mishra, Irshad Kamil",Kabir Singh,2019-06-14,72,0ojpEubhy4JNeVftmVuiN7
Bollywood Top 50,Sab Tera,"Armaan Malik, Shraddha Kapoor",Baaghi,2016-04-09,58,5uUEytfFSWfTzu5EqZxQju
Bollywood Top 50,Jab Tak,"Armaan Malik, Amaal Mallik, Manoj Muntashir",M.S.Dhoni - The Untold Story,2016-09-17,61,35RWttZt8zGGzT0mWtlXpn
Bollywood Top 50,,,,0000,0,35P2Xal9x3GAdOHytyEUFe
Bollywood Top 50,Besabriyaan,"Armaan Malik, Manoj Muntashir, Amaal Mallik",M.S.Dhoni - The Untold Story,2016-09-17,62,0pWcUM0z72DhTW7j0fa0QM
Bollywood Top 50,Kuch Din,"Jubin Nautiyal, Rajesh Roshan, Manoj Muntashir",Kaabil,2016-12-22,40,2VUJFNXB6dTyWrXlo2rJ26
Bollywood Top 50,,,,0000,0,7AV1hh76pC1mg4iSH796Vp
Bollywood Top 50,Dekh Lena,"Arijit Singh, Tulsi Kumar, Ankit Tiwari, Manoj Muntashir",Tum Bin 2,2016-10-20,53,4K7l6gzsSPKkB3mzokEDKQ
Bollywood Top 50,Maula,"Papon, Goldie Sohel",Maula,2020-12-23,39,7FbhapJ51FHahDqcAmjiFl
Bollywood Top 50,"Chashni (From ""Bharat"")","Abhijeet Srivastava, Vishal-Shekhar","Chashni (From ""Bharat"")",2019-05-01,61,5X5db3FrBOHbibrFKA02MQ
Bollywood Top 50,Mitwa,"Shankar-Ehsaan-Loy, Shankar Mahadevan, Caralisa Monteiro, Shafqat Amanat Ali",Kabhi Alvida Naa Kehna (Original Motion Picture Soundtrack),2006-06-08,74,4BTPzhEsyW3blWcxcuhLM0
Bollywood Top 50,"Roke Na Ruke Naina (From ""Badrinath Ki Dulhania"")",Arijit Singh,Ultimate Love Songs - Arijit Singh,2020-05-19,64,0ZyJDDqBjI0rDnn31qHgbg
Bollywood Top 50,,,,0000,0,17uI7afUaul1hCzMTF9txd
Bollywood Top 50,"Tum Hi Aana (From ""Marjaavaan"")","Payal Dev, Jubin Nautiyal, Kunaal Vermaa","Tum Hi Aana (From ""Marjaavaan"")",2019-10-03,68,6E9UwSfT80age2xknoMS7Y
Bollywood Top 50,"Sapna Jahan (From ""Brothers"")","Ajay-Atul, Sonu Nigam, Neeti Mohan","Sapna Jahan (From ""Brothers"")",2015-07-24,63,6uQkoo1UGWThtEpNEYc6Ga
Bollywood Top 50,"Chale Aana (From ""De De Pyaar De"")","Amaal Mallik, Armaan Malik, Kunaal Vermaa","Chale Aana (From ""De De Pyaar De"")",2019-05-02,65,6vuMdb0E8buJeSHArN3dXk
Bollywood Top 50,Sab Tera Unplugged,Armaan Malik,Amaal Mallik & Armaan Malik - Mtv Unplugged Season 7,2018-02-23,34,6EYhB6w3JQQIrBZNMVjDyb
Bollywood Top 50,Rang Lageya,"Mohit Chauhan, Rochak Kohli",Rang Lageya,2021-03-17,67,7mSzDKajY2wUtstQSLdzMK
Bollywood Top 50,Chidiya,Vilen,Chidiya,2019-12-14,0,0aoN9BQostK81IFddJn8Ej
Bollywood Top 50,"Galliyan (From ""Ek Villain"")",Ankit Tiwari,Best Of Shraddha Kapoor,2017-03-03,60,517bz7zkWELmyL4eZzJ5R9
Bollywood Top 50,Kabhi Jo Badal Barse,Arijit Singh,Best of Arijit Singh,2013-06-23,0,2dOWkdPfiT9SU2Wm734Rh6
Bollywood Top 50,"Tum Hi Ho (From ""Aashiqui 2"")",Arijit Singh,Loveholic Arijit Singh,2019-04-15,60,3oKuEvvclPj25AifUVoKxS
Bollywood Top 50,Tu Hi Hai,"Amit Trivedi, Arijit Singh, Kausar Munir",Dear Zindagi (Original Motion Picture Soundtrack),2016-11-15,57,5b9x5sRIzAgXQw0dhGORO1
Bollywood Top 50,"Tose Naina (From ""Mickey Virus)",Arijit Singh,Love Dose Arijit Singh,2016-02-11,67,2fMlezwwP5Hr1UwuAknN4o
Bollywood Top 50,Nadaan Parinde,"A.R. Rahman, Mohit Chauhan",Rockstar,2011-10-01,64,6Z394Nd4gW6Ts9hmu3NUjx
Bollywood Top 50,"Ranjha (From ""Shershaah"")","Jasleen Royal, B Praak, Romy","Ranjha (From ""Shershaah"")",2021-08-05,76,72zHuDxFQTjbL51qJQSA7j
Bollywood Top 50,"Raataan Lambiyan (From ""Shershaah"")","Tanishk Bagchi, Jubin Nautiyal, Asees Kaur","Raataan Lambiyan (From ""Shershaah"")",2021-07-30,71,2rOnSn2piaqLAlYjtfUBlY
Bollywood Top 50,Kabhii Tumhhe,"Javed-Mohsin, Darshan Raval, Rashmi Virag",Shershaah (Original Motion Picture Soundtrack),2021-08-16,54,6Sflud15ff1KqBzg6wj78S
Bollywood Top 50,Bhare Naina,"Vishal-Shekhar, Nandini Srikar, Panchhi Jalonvi",Ra-One,2011-09-16,55,2UsYQNgpG5tjcDoq8Yg0Nl
Bollywood Top 50,,,,0000,0,0xkGTPTijMU84dtHr3KQQi
Bollywood Top 50,Ye Ishq Hai,"Pritam, Shreya Ghoshal, Irshad Kamil",Jab We Met,2007-09-21,67,4BiPsAV070dg3eLSVf727A
Bollywood Top 50,Chaar Kadam,"Shaan, Shreya Ghoshal, Shantanu Moitra, Swanand Kirkire",Pk,2014-11-17,60,0bYDMpQ94LnF38FiOlc8K9
Bollywood Top 50,"Mere Yaaraa (From ""Sooryavanshi"")","Arijit Singh, Neeti Mohan, Rashmi Virag","Mere Yaaraa (From ""Sooryavanshi"")",2021-10-27,72,0tpwqQhdfJXRcUDSNRjb9O
Bollywood Top 50,,,,0000,0,14eFqoEf1NBm7kh2jWc3TU
Bollywood Top 50,Ik Vaari Aa,"Pritam, Arijit Singh, Amitabh Bhattacharya",Raabta,2017-06-03,70,7fyiYhn7STpHvT5g0lbncC
Bollywood Top 50,Barsaat,"Armaan Malik, Amaal Mallik",Barsaat,2021-09-23,0,7Ip5yQCgWRgWPCgxRuKLU1
Bollywood Top 50,,,,0000,0,1ubC1Mp91cQNk5s1HULkgV
Bollywood Top 50,"Tu Mera Hogaya Hai (From ""Tadap"")","Pritam, Jubin Nautiyal","Tu Mera Hogaya Hai (From ""Tadap"")",2021-11-22,37,4QTPz6303peA6JUeUuH3Ql
Bollywood Top 50,"Mere Liye Tum Kaafi Ho (From ""Shubh Mangal Zyada Saavdhan"")","Ayushmann Khurrana, Tanishk-Vayu","Mere Liye Tum Kaafi Ho (From ""Shubh Mangal Zyada Saavdhan"")",2020-02-04,66,3qrdLVOClRU4yPkcXZ7c5u
Bollywood Top 50,"Tumse Bhi Zyada (From ""Tadap"")","Pritam, Arijit Singh","Tumse Bhi Zyada (From ""Tadap"")",2021-11-02,47,2cC4DfpPa7x1QZTKQpe3TP
Bollywood Top 50,"Rait Zara Si (From ""Atrangi Re"")","A.R. Rahman, Arijit Singh, Shashaa Tirupati","Rait Zara Si (From ""Atrangi Re"")",2021-12-06,68,4uK0M8AI6gyFmyzUneQpbi
Bollywood Top 50,"Kiston (From ""Roohi"")","Sachin-Jigar, Jubin Nautiyal","Kiston (From ""Roohi"")",2021-02-26,44,0CaKRGxx3bB0ZsIgzx7ivt
Bollywood Top 50,Haule Haule,"Salim–Sulaiman, Sukhwinder Singh, Jaideep Sahni",Rab Ne Bana Di Jodi,2008-11-06,68,2UKK9UEbKlykbmLVP1zWIQ
Bollywood Top 50,O Re Piya,"Salim–Sulaiman, Rahat Fateh Ali Khan, Jaideep Sahni",Aaja Nachle,2007-10-18,71,7cWnks0lsRtpAi87COOiXK
Bollywood Top 50,"Kalle Kalle (From ""Chandigarh Kare Aashiqui"")","Priya Saraiya, Sachin-Jigar","Kalle Kalle (From ""Chandigarh Kare Aashiqui"")",2021-11-22,44,5o6q9gQXi5umBrUczroW79
Bollywood Top 50,Chaka Chak,"Shreya Ghoshal, A.R. Rahman, Irshad Kamil",Atrangi Re,2021-12-06,41,0OJyhzTY024918aYBPxcDP
Bollywood Top 50,"Tera Hua (From ""Cash"")","Arijit Singh, Akull, Riya Duggal","Tera Hua (From ""Cash"")",2021-11-12,46,6HDBzDFSDYSmKzadobMr7e
Bollywood Top 50,"Meri Zindagi Hai Tu (From ""Satyameva Jayate 2"")","Rochak Kohli, Jubin Nautiyal, Neeti Mohan","Meri Zindagi Hai Tu (From ""Satyameva Jayate 2"")",2021-10-28,59,6IWZKBeAkeCzaYNE8SmedK
Bollywood Top 50,Maa,Shankar Mahadevan,Taare Zameen Par,2007-11-05,53,4SuA85PaD8GFTPYwKNYDe1
Bollywood Top 50,Mere Rashke Qamar,"Nusrat Fateh Ali Khan, Rahat Fateh Ali Khan, Tanishk Bagchi, A1 Melody Master-Fana, Manoj Muntashir",Baadshaho,2017-08-19,62,4sNiMTu47WkUgW87qeUlWF
Bollywood Top 50,Pareshaan,"Amit Trivedi, Shalmali Kholgade, Kausar Munir",Ishaqzaade,2012-04-12,51,5XXJqs7f42R8PAY4Xcr0ax
Bollywood Top 50,Tera Chehra,Adnan Sami,Tera Chehra,2002-10-07,62,14uXhHNINQqjl2hngD21s9
Bollywood Top 50,,,,0000,0,19jkQ3QCc46mD7EAeThp5E
Bollywood Top 50,"Itni Si Baat Hain (From ""Azhar"")","Pritam, Arijit Singh, Antara Mitra, Manoj Yadav",Ultimate Love Songs - Arijit Singh,2020-05-19,72,4OEBP1iwGmLtcM8UKRLm80
Bollywood Top 50,Hosanna,"A.R. Rahman, Leon D'souza, Suzanne D'Mello",Ekk Deewana Tha (Original Motion Picture Soundtrack),2012-01-04,57,5NChQ2tXB9q9D8kdkLTWOL
Bollywood Top 50,Har Kisi Ko (Female),"Arijit Singh, Neeti Mohan, Chirantan Bhatt, Kalyanji-Anandji, Manoj Yadav",Boss,2013-09-10,58,7FPbxfwWa2gzB9ePX19I5z
Bollywood Top 50,"Saanson Ko (From ""Zid"")","Shaarib Toshi, Arijit Singh","Saanson Ko (From ""Zid"")",2014-11-15,65,1HzNbxPRn9onoxxeZByHYJ
Bollywood Top 50,Meri Jaan,"Sanjay Leela Bhansali, Neeti Mohan",Gangubai Kathiawadi,2022-02-18,61,4iEGv5Ne6HuCkFCjzxdWQK
Bollywood Top 50,Allah Waariyan,"Shafqat Amanat Ali, Arko Pravo Mukherjee",Yaariyan,2013-12-09,57,6YYVzVapUF3UnZQ0igasl3
Bollywood Top 50,Soch Liya,"Mithoon, Arijit Singh, Manoj Muntashir",Radhe Shyam,2022-03-12,47,4hPxFf3Rd18BRtTYRcqZir
Bollywood Top 50,Woh Ladki Hai Kahan,"Shaan, Kavita Krishnamurthy",Dil Chahta Hai,2001-06-22,65,2tO0QPdCA0jgDBshTuYYkc
Bollywood Top 50,,,,0000,0,6pzlnyHTVYi5FOmrgOmC95
Bollywood Top 50,Channa Mereya,"Pritam, Arijit Singh",Ae Dil Hai Mushkil (Original Motion Picture Soundtrack) [Deluxe Edition],2016-10-26,72,0H2iJVgorRR0ZFgRqGUjUM
Bollywood Top 50,Yaariyan (reprise),"Sunidhi Chauhan, Arijit Singh, Pritam",Cocktail,2012-06-12,0,2pvaCuTrMVS6byOHCIQyHj
Bollywood Top 50,Raanjhanaa,"Imdad Hussain, Deep Joshi",Raanjhanaa,2022-03-17,0,5HzwD0LofOaL5kDiVReCpd
Bollywood Top 50,Mausam,"Mithoon, Sayeed Quadri",The Train,2007-04-18,55,1SDzEed9leGGDVJIv2GPUE
Bollywood Top 50,,,,0000,0,12Ud5p81gFX8feLUGpewfV
Bollywood Top 50,Phir Se Ud Chala,Mohit Chauhan,Rockstar,2011-10-01,63,1kcV2LJxt5v0s2cEGtEJ5i
Bollywood Top 50,Tum Jo Aaye,"Pritam, Rahat Fateh Ali Khan, Tulsi Kumar, Irshad Kamil",Once Upon A Time In Mumbaai,2010-06-29,72,2iZeKe5avjtKVmjfSFkpxd
Bollywood Top 50,Jee Le Zaraa,Vishal Dadlani,Talaash,2012-10-18,66,2r32XiAWtZbT3eLUvf4pag
Bollywood Top 50,"Kaise Hua (From ""Kabir Singh"")","Vishal Mishra, Manoj Muntashir","Kaise Hua (From ""Kabir Singh"")",2019-06-13,71,1y1rQTkWmrZdJmjwuK07GC
Bollywood Top 50,Zindagi Kuch Toh Bata (Reprise),"Pritam, Jubin Nautiyal, Neelesh Misra",Bajrangi Bhaijaan,2015-07-07,62,6TGX01ExmdHyOG72fqUU3Q
Bollywood Top 50,,,,0000,0,2XfmRXh6SsEk22Hz8zahl3
Bollywood Top 50,Kasoor - Acoustic,Prateek Kuhad,Shehron Ke Raaz,2021-07-09,42,117gRrOjnRkMCgWxNtDNSv
Bollywood Top 50,,,,0000,0,6nZiYSBwPQ7fYnVWkkkj4g
Bollywood Top 50,Breathless - Shankar Mahadevan,Shankar Mahadevan,Breathless,1998-12-31,51,3LWvtwgEIzC1wdHiUBoG1v
Bollywood Top 50,Pehli Dafa,"Atif Aslam, Shiraz Uppal",Pehli Dafa,2017-01-06,75,4Tkb7zsDmsawB7S5TpKQV1
Bollywood Top 50,Shukriya,"Jeet Gannguli, Jubin Nautiyal",Sadak 2 (Original Motion Picture Soundtrack),2020-08-22,40,7cYL9q8amtDuXC0fCPxr4G
Bollywood Top 50,Beete Lamhein,"KK, Mithoon, Sayeed Quadri",The Train,2007-04-18,65,0zQa7QXLpUZfrrsWbgDZll
Bollywood Top 50,Zehnaseeb,"Vishal-Shekhar, Chinmayi, Shekhar Ravjiani",Hasee Toh Phasee (Original Motion Picture Soundtrack),2014-01-05,73,3xF15SqY32Mno3UUMBirhU
Bollywood Top 50,Ishq Bulaava,"Vishal-Shekhar, Sanam Puri, Shipra Goyal",Hasee Toh Phasee (Original Motion Picture Soundtrack),2014-01-05,75,1fkjRQA8wXPPyxqYLbxuqy
Bollywood Top 50,Such Keh Raha Hai,KK,Rehnaa Hai Terre Dil Mein,2001-10-19,63,0ypgFw67lNEpoKFUxUV0tG
Bollywood Top 50,Sach Keh Raha Hai - LoFi Flip,KK,Lofi Chill Mix,2021-12-27,0,4oMwqrLvDx5njE15LNmvJc
Bollywood Top 50,O Mere Dil Ke Chain - LoFi,Sanam,Lofi Chill Mix,2021-12-27,0,0g3fw81SSyD8eSjWGUwQH6
Bollywood Top 50,Saibo,"Sachin-Jigar, Shreya Ghoshal, Tochi Raina",Shor in the City (Original Motion Picture Soundtrack),2011-03-28,70,6udC4b4jOSnHb9ItnXgKLR
Bollywood Top 50,Dildaara (Stand By Me),"Vishal-Shekhar, Shafqat Amanat Ali, Kumaar",Ra-One,2011-09-16,67,6ZoCBDOB308GqUdt2AJrV2
Bollywood Top 50,Saware,"Pritam, Arijit Singh",Phantom,2015-07-31,61,1juJ3mwsFerctbngtK42G4
Bollywood Top 50,Darasal,"Atif Aslam, Jam8, Irshad Kamil",Raabta,2017-06-03,55,3OZLwCFeWOCFHTlIIrwzmO
Bollywood Top 50,Saiyaara,"Sohail Sen, Mohit Chauhan, Tarannum Malik Jain, Kausar Munir",Ek Tha Tiger,2012-07-16,69,1ocYa8PoVd5e2vPn0xHJcA
Bollywood Top 50,,,,0000,0,4gBQbegBZlPhMgaWVzCCY5
Bollywood Top 50,Dagabaaz Re,"Rahat Fateh Ali Khan, Shreya Ghoshal",Dabangg 2,2012-11-17,64,6MudETKykE31rz3v2DOHa0
Bollywood Top 50,Ajab Si,"Vishal-Shekhar, KK",Om Shanti Om,2007-09-18,74,5FXMRdJjKq1BIX4e8Eg9mK
Bollywood Top 50,Gulabi,"Sachin-Jigar, Jigar Saraiya, Priya Saraiya, Jaideep Sahni",Shuddh Desi Romance,2013-08-22,65,22kRCQPyNXWZSQEcDvCmGD
Bollywood Top 50,Chori Kiya Re Jiya,"Sonu Nigam, Shreya Ghoshal",Dabangg,2010-08-04,66,5CteVMD0U8C9WbAWvrNgkN
Bollywood Top 50,Dil Diyan Gallan,"Vishal-Shekhar, Atif Aslam, Irshad Kamil",Tiger Zinda Hai,2017-12-12,66,5MnAi6ZF7cE8pAz7wYr9Ta
Bollywood Top 50,Kho Gaye,"Taaruk Raina, Mismatched - Cast",Mismatched: Season 2 (Soundtrack from the Netflix Series),2022-09-30,68,2QophXhN2Ls2URfoPmiviC
Bollywood Top 50,Akhiyaan,Mitraz,Akhiyaan,2022-09-04,65,2l3dFxtoSMgMQVyRIUHjpz
Bollywood Top 50,Jiyein Kyun,"Pritam, Papon",Dum Maaro Dum,2011-03-15,65,0up9rhm9qt2LW7cnoDFCMk
Bollywood Top 50,Naina,"Sona Mohapatra, Armaan Malik",Khoobsurat,2014-08-12,60,3SHopOL3KEJ8PFl3vJdfmF
Bollywood Top 50,"Tujhe Kitna Chahne Lage (From ""Kabir Singh"")","Arijit Singh, Mithoon","Tujhe Kitna Chahne Lage (From ""Kabir Singh"")",2019-05-31,78,2Fv2injs4qAm8mJBGaxVKU
Bollywood Top 50,Phir Kabhi,"Arijit Singh, Amaal Mallik, Manoj Muntashir",M.S.Dhoni - The Untold Story,2016-09-17,61,4jk4CaqBMBbMZhf3PuR1ai
Bollywood Top 50,Teri Ore,"Pritam, Rahat Fateh Ali Khan, Shreya Ghoshal, Mayur Puri",Singh Is Kinng (Original Motion Picture Soundtrack),2008-06-30,68,5aU0fpmu2sdYJVOHVHCz5s
Bollywood Top 50,Baatein Ye Kabhi Na - Male,"Jeet Gannguli, Arijit Singh",Khamoshiyan (Original Motion Picture Soundtrack),2014-12-29,69,0PxMHdQ6bSz9q0eJj3kJzb
Bollywood Top 50,Faasle,Aditya Rikhari,Faasle,2021-07-31,69,0s76ExpXyMGVBlKLUr683e
Bollywood Top 50,Zara Sa,"Pritam, KK",Jannat (Original Motion Picture Soundtrack),2008-03-07,76,18YHbIhrleUkKKj2DvEp79
Bollywood Top 50,Laal Ishq,"Sanjay Leela Bhansali, Arijit Singh, Siddharth - Garima",Goliyon Ki Raasleela Ram-Leela (Original Motion Picture Soundtrack),2013-10-15,61,4hXHlAc9ZOJY5pGbdfuWsa
Bollywood Top 50,Lo Maan Liya,Arijit Singh,Raaz Reboot,2016-08-19,65,2wJ9d1Gfj8OqcznPAroqvh
Bollywood Top 50,Tu Hi Haqeeqat,"Pritam, Javed Ali, Irshan Ashraf, Shadab",Tum Mile (Original Motion Picture Soundtrack),2009-09-08,72,3OLFqbd9ZeVjaUKTiaLsD6
Bollywood Top 50,Kholo Kholo,Raman Mahadevan,Taare Zameen Par,2007-11-05,52,1IfhPnZpm0IZOoAM1PDjtw
Bollywood Top 50,Duniyaa,"Akhil, Dhvani Bhanushali, Kunaal Vermaa",Luka Chuppi,2019-02-22,48,14cceH4q4ME5ywqe2DbFGs
Bollywood Top 50,Sanu Ek Pal Chain,"Rahat Fateh Ali Khan, Tanishk Bagchi, Nusrat Fateh Ali Khan, Manoj Muntashir",Raid,2018-03-01,62,0qilTtN718ldWzIFc37zAl
Bollywood Top 50,Sapna Jahan,"Ajay-Atul, Sonu Nigam, Neeti Mohan",Brothers (Original Motion Picture Soundtrack),2015-07-24,46,5PM1dIibpTR57jlugvjNSM
Bollywood Top 50,"Tu Har Lamha (From ""Khamoshiyan"")","Bobby-Imran, Arijit Singh","Tu Har Lamha (From ""Khamoshiyan"")",2014-12-29,62,13tg1zpSfWyFQbv09a9LPD
Bollywood Top 50,Taare Zameen Par,"Shankar Mahadevan, Dominique, Vivienne Pocha",Taare Zameen Par,2007-11-05,49,5ELS4KckqA4uxrS8RnxEjv
Bollywood Top 50,Surili Akhiyon Wale - Duet,"Sajid-Wajid, Rahat Fateh Ali Khan, Sunidhi Chauhan, Suzanne D'Mello, Gulzar",Veer (Original Motion Picture Soundtrack),2009-01-22,42,1AC0Gin6gRaKUY3YzRs8SZ
Bollywood Top 50,Choo Lo,The Local Train,Aalas Ka Pedh,2015-09-25,2,0rlLBWFFTQiOWi963SH9bb
Bollywood Top 50,Jannatein Kahan,"Pritam, KK, Mayur Puri",Jannat 2 (Original Motion Picture Soundtrack),2012-03-30,60,62wnQra2VgCUyHO3BUIAcr
Bollywood Top 50,Raaton,Aditya Rikhari,Raaton,2023-07-15,52,4mpRxleD4q4rxgRBgC6TpB
Bollywood Top 50,"Tum Kya Mile (From ""Rocky Aur Rani Kii Prem Kahaani"")","Pritam, Arijit Singh, Shreya Ghoshal, Amitabh Bhattacharya","Tum Kya Mile (From ""Rocky Aur Rani Kii Prem Kahaani"")",2023-06-28,42,1kDZSmw3mKQeAjcmPTLS3M
Bollywood Top 50,"Tumhe Kitna Pyaar Karte (From ""Bawaal"")","Mithoon, Arijit Singh, Manoj Muntashir","Tumhe Kitna Pyaar Karte (From ""Bawaal"")",2023-07-07,55,03hJuEQpEQERrHpjcXKWzJ
Bollywood Top 50,"Kabhii Tumhhe (From ""Shershaah"")","Javed-Mohsin, Darshan Raval, Rashmi Virag","Kabhii Tumhhe (From ""Shershaah"")",2021-08-19,59,6R6BpMBFQrF7n2uEOxYmss
Bollywood Top 50,Saadi Galli Aaja,"Rochak Kohli, Ayushmann Khurrana, Neeti Mohan",Nautanki Saala !,2013-02-25,62,6riCsiX9csuomBYnenrtGd
Bollywood Top 50,Pehli Nazar Mein,"Atif Aslam, Pritam",Race (Original Motion Picture Soundtrack),2008-03-21,66,17opN752ZQpNuoptelsNQ1
Bollywood Top 50,Tu hai kahan,AUR,Tu hai kahan,2023-06-10,0,4VhqKzBeAlhTjLYZr0oJx8
Bollywood Top 50,"Hamari Adhuri Kahani (Title Track) [From ""Hamari Adhuri Kahani""]","Jeet Gannguli, Arijit Singh, Rashmi Virag","Hamari Adhuri Kahani (Title Track) [From ""Hamari Adhuri Kahani""]",2015-05-21,52,3eQL03MvTJQkLqXryJ8Fja
Bollywood Top 50,Lambiyaan Si Judaiyaan,"Arijit Singh, Shadab, Altamash Faridi, Jam8, Amitabh Bhattacharya",Raabta,2017-06-03,50,5eycUcX0HZsZjSKPD58pF8
Bollywood Top 50,Tere Pyaar Mein,"Pritam, Arijit Singh, Amitabh Bhattacharya, Nikhita Gandhi","Tere Pyaar Mein (From ""Tu Jhoothi Main Makkaar"")",2023-02-01,71,2ZD4aIEepqZsdxPxLSuUhm
Bollywood Top 50,Kya Karoon?,"Shankar-Ehsaan-Loy, Clinton Cerejo, Dominique Cerejo, Loy Mendonsa",Wake Up Sid (Original Motion Picture Soundtrack),2009-08-21,52,4Yp8zw7b35bheMVTp39o5O
Bollywood Top 50,Kyon,"Pritam, Papon, Sunidhi Chauhan",Barfi! (Original Motion Picture Soundtrack),2012-06-24,64,1sYC1fG7s4p0pTykrJqmgW
Bollywood Top 50,"Teri Yeh Baatein - From ""Kho Gaye Hum Kahan""","OAFF, Savera, Ankur Tewari",Kho Gaye Hum Kahan (Original Motion Picture Soundtrack),2023-12-10,41,03jBweps9fu6BtkItGNcli
Bollywood Top 50,Dil To Bachcha Hai,Rahat Fateh Ali Khan,Ishqiya,2009-12-31,64,3EFGRGsshk0NWidcXfhKvw
Bollywood Top 50,Maula Mere Maula,Roop Kumar Rathod,Anwar,2007-01-12,72,4CGBTtlrjZj7ydpV52cgB4
Bollywood Top 50,"Tere Hawaale (From ""Laal Singh Chaddha"")","Pritam, Arijit Singh, Shilpa Rao","Tere Hawaale (From ""Laal Singh Chaddha"")",2022-08-04,70,4blqlsA1uf2d2I40E90EUC
Bollywood Top 50,Naina Da Kya Kasoor,Amit Trivedi,Andhadhun (Original Motion Picture Soundtrack),2018-10-03,69,2g3o6I7YuKFEUn9OOfuAfP
Bollywood Top 50,Matargashti,Mohit Chauhan,Tamasha,2015-10-16,64,5GeBgck1MU2tlIkMpsn8uT
Bollywood Top 50,Dekha Hazaro Dafaa,"Arijit Singh, Palak Muchhal, Manoj Muntashir",The Arijit Singh Collection,2023-05-26,64,0Xsokp10GYOJrrf0Uviv2w
Bollywood Top 50,"Ek Dil Ek Jaan (From ""Padmaavat"")","Shivam Pathak, A.M. Turaz","Ek Dil Ek Jaan (From ""Padmaavat"")",2017-11-11,57,0M9UxL5CebtmlijPMH6KfW
Bollywood Top 50,"Sajni (From ""Laapataa Ladies"")","Ram Sampath, Arijit Singh, Prashant Pandey","Sajni (From ""Laapataa Ladies"")",2024-02-12,76,5zCnGtCl5Ac5zlFHXaZmhy
Bollywood Top 50,Shaayraana,"Arijit Singh, Pritam",Holiday - A Soldier Is Never Off Duty (Original Motion Picture Soundtrack),2014-06-06,52,0EZTe2i9yDYsYVO1YNEVZf
Bollywood Top 50,Ajj Din Chadheya,"Pritam, Rahat Fateh Ali Khan, Irshad Kamil",Love Aaj Kal (Original Motion Picture Soundtrack),2009-07-31,68,4NmWv6PEGEAmorN5UN9fRo
Bollywood Top 50,Dooriyan,"Pritam, Mohit Chauhan, Irshad Kamil",Love Aaj Kal (Original Motion Picture Soundtrack),2009-07-31,66,5F79ZdjOwGOhUKRHx94sr1
Bollywood Top 50,Rabba Main Toh Mar Gaya Oye,"Pritam, Rahat Fateh Ali Khan",Mausam,2011-08-11,60,5xRci5qoXzzJgR6ZwzXO2J
Bollywood Top 50,Saudebazi (Encore),"Pritam, Javed Ali",Aakrosh,2010-09-18,67,1tPPINau3vBP8Q89JTn0ER
Bollywood Top 50,Ishq Sufiyana (Male),"Vishal-Shekhar, Kamal Khan",The Dirty Picture,2011-10-29,72,5zcfnScTSFGCHGY1yeXWke
Bollywood Top 50,Zaalima,"Arijit Singh, Harshdeep Kaur",Raees (Original Motion Picture Soundtrack),2017-01-24,71,1J9vyEntJ79CppvgUxJs75
Bollywood Top 50,Phir Bhi Tumko Chaahunga,"Mithoon, Manoj Muntashir, Arijit Singh, Shashaa Tirupati",Half Girlfriend (Original Motion Picture Soundtrack),2017-04-30,70,3oNVqllTnz7bHrY3f0nICg
Bollywood Top 50,Qaafirana,"Amit Trivedi, Arijit Singh, Nikhita Gandhi",Kedarnath (Original Motion Picture Soundtrack),2018-11-27,70,7BCp5hEiiDSmXsxsXkvYff
Bollywood Top 50,"Kesariya (From ""Brahmastra"")","Pritam, Arijit Singh, Amitabh Bhattacharya","Kesariya (From ""Brahmastra"")",2022-07-17,72,6VBhH7CyP56BXjp8VsDFPZ
Bollywood Top 50,Tere Sang Yaara,"Atif Aslam, Manoj Muntashir",Rustom (Original Motion Picture Soundtrack),2016-07-15,64,72CkpVdvmc8t28o8I9N32J
Bollywood Top 50,Tujhe Kitna Chahne Lage,"Arijit Singh, Mithoon",Kabir Singh,2019-06-14,61,5QtEFRYavs5S3GHtFEq7A4
Bollywood Top 50,"Suno- Na Sangemarmar (From ""Youngistaan)",Arijit Singh,Love Dose Arijit Singh,2016-02-11,66,2ESscisnKdryn50fPeHd7O
Bollywood Top 50,Khairiyat (Bonus Track),"Pritam, Arijit Singh",Chhichhore,2019-08-31,62,3oM90C4SZLYzVZJEZD5EQk
Bollywood Top 50,Tu Chahiye,"Pritam, Atif Aslam, Amitabh Bhattacharya",Bajrangi Bhaijaan,2015-07-07,68,3aaiAWCet6sbfOfLSn3g7i
Bollywood Top 50,Dekha Hazaro Dafaa,"Arijit Singh, Palak Muchhal, Manoj Muntashir",Rustom (Original Motion Picture Soundtrack),2016-07-15,64,190P8pyw8J4gr6ygwUlG3z
Bollywood Top 50,Hamari Adhuri Kahani (Title Track),"Jeet Gannguli, Arijit Singh, Rashmi Virag",Hamari Adhuri Kahani (Original Motion Picture Soundtrack),2015-05-21,73,3HiobOOpSpMsi95WBKPBYk
Bollywood Top 50,"Tera Yaar Hoon Main (From ""Sonu Ke Titu Ki Sweety"")",Arijit Singh,Ultimate Love Songs - Arijit Singh,2020-05-19,67,1NX33DecZrq4ZUGDc47AfN
Bollywood Top 50,Aaoge Jab Tum,"Rashid Khan, Sandesh Shandilya, Faaiz Anwar",Jab We Met,2007-09-21,64,3fWMFwaJil8fD14JCgwbcL
Bollywood Top 50,"Tu Hi Meri Shab Hai - From ""Gangster""","Pritam, KK",Gangster (Original Motion Picture Soundtrack),2006-09-08,70,1ufeADg0jivKpOFiAv3PYg
Bollywood Top 50,Billo Rani,"Pritam, Anand Raj Anand, Richa Sharma",Dhan Dhana Dhan Goal,2007-10-30,61,4NtaQSiRgkQ2Af8GSW0B0t
Bollywood Top 50,Hum Toh Deewane,"Rajat Nagpal, Yasser Desai, Rana Sotal",Hum Toh Deewane,2023-09-14,60,2A4lcqTJZgUs1XrW6TSvt0
Bollywood Top 50,Kuchh Khaas,"Mohit Chauhan, Neha Bhasin",Fashion,2008-09-19,59,01npLGQTbZBIHVRcXJbLzR
Bollywood Top 50,Yeh Fitoor Mera,"Amit Trivedi, Arijit Singh",Fitoor (Original Motion Picture Soundtrack),2018-05-15,68,7kvLAPEnEPlSbhZDlHFv0p
Bollywood Top 50,"Tenu Sang Rakhna (From ""Jigra"")","Achint, Arijit Singh, Anumita Nadesan, Varun Grover","Tenu Sang Rakhna (From ""Jigra"")",2024-10-03,67,0Yf9Tgv5f55njDQeuRUnQH
Bollywood Top 50,Yaariyaan - Male,"Pritam, Irshad Kamil",Cocktail (Original Motion Picture Soundtrack),2012-06-15,57,0EiZCuVOP3E9MobSidssSC
Bollywood Top 50,Jiya Lage Na,"Sona Mohapatra, Ravindra Upadhyay",Talaash,2012-10-18,61,5AhxzlhZbKYfu4YNiUnmvx
Bollywood Top 50,Saajna,"Falak Shabbir, Kumaar","I, Me Aur Main",2013-02-05,62,7KzGAwJRYS9KLMuVnStqYN
Bollywood Top 50,Jaane De,"Atif Aslam, Raj Shekhar, Vishal Mishra",Qarib Qarib Singlle (Original Motion Picture Soundtrack),2018-09-04,51,0wztb6FrcdU4ZaExziQgt7
Punjabi Hits,Wavy,"Karan Aujla, Jay Trak",Wavy,2024-11-15,77,4d2jV5fmX6hbRwaRbY39dt
Punjabi Hits,Bandana,Shubh,Bandana,2024-03-29,72,7KQdgW7QzNd9oPoCzjCU76
Punjabi Hits,ANTIDOTE,Karan Aujla,Four Me,2024-06-26,71,7KmCQLSSde0UX5OqCgvGN9
Punjabi Hits,Jatt Mehkma,Yo Yo Honey Singh,Glory,2024-08-26,66,61R3DMR4U2n25qgX9ryciJ
Punjabi Hits,Old Money,AP Dhillon,The Brownprint,2024-08-30,70,5xlYVZxEwriP6hetG7QJw7
Punjabi Hits,Millionaire,Yo Yo Honey Singh,Glory,2024-08-26,74,78BWCd70D1X6LMkDZm1UoF
Punjabi Hits,Tere Bina Na Guzara E,Josh Brar,Tere Bina Na Guzara E,2024-09-26,72,0NXnuTqFQHDsbEIoKIAVCN
Punjabi Hits,Scenario,"Sammohit, Mahlan Wala 59",Scenario,2024-08-06,49,4A7TPu84Nvaz9RwcHYG2Ol
Punjabi Hits,"Tu Juliet Jatt Di ( From ""Jatt & Juliet 3"")","Diljit Dosanjh, Bunny, Sagar","Tu Juliet Jatt Di ( From ""Jatt & Juliet 3"")",2024-05-24,56,2FRSsjZloHsmBF60bCoPrQ
Punjabi Hits,Softly,"Karan Aujla, Ikky",Making Memories,2023-08-18,75,0YQJoDL6f46J0n1rOVkpxJ
Punjabi Hits,Sifar Safar,Karan Aujla,Sifar Safar,2024-10-18,66,3lQPwCmD918SyoiIkw1zqx
Punjabi Hits,9:45,"Prabh Singh, Jay Trak, Rooh Sandhu",9:45,2023-03-10,70,6c4Po8zyQjB4cR5XgLhcGb
Punjabi Hits,Mombattiye,"Diljit Dosanjh, Jaani, Bunny",Mombattiye,2024-08-05,56,3svJaCD1g4aeQOXGc1aOIB
Punjabi Hits,Zaroor,"Aparshakti Khurana, Savi Kahlon",Zaroor,2024-05-28,74,5thVzD79BxlDTYy0LfHzvu
Punjabi Hits,King Shit,Shubh,Leo,2024-01-05,70,1BpvuKIG7jK5EiTp2tv5z8
Punjabi Hits,God Damn,"Badshah, Karan Aujla, Hiten",Ek Tha Raja,2024-03-18,71,209QxKVJzh2FLUmZHpYs4m
Punjabi Hits,Ve Haaniyaan,"Danny, Avvy Sra, Sagar",Ve Haaniyaan,2024-01-19,71,2C6CJGFLbisteRuY6Plb7b
Punjabi Hits,One Love,Shubh,One Love,2023-08-18,75,5ZLkihi6DVsHwDL3B8ym1t
Punjabi Hits,Only You,AR Paisley,Only You,2024-02-14,37,4PSvazj8Yc6zgtmc4RUoIx
Punjabi Hits,Problems Over Peace,"AP Dhillon, Stormzy",Problems Over Peace,2024-04-05,51,7ups0PLQ1oiRnkneh3SQSD
Punjabi Hits,Hass Hass,"Diljit Dosanjh, Sia, Greg Kurstin",Hass Hass,2023-10-26,68,72vuBPMhwFNlSYpTSf6fVD
Punjabi Hits,"Arjan Vailly (From ""ANIMAL"")","Manan Bhardwaj, Bhupinder Babbal","Arjan Vailly (From ""ANIMAL"")",2023-11-18,59,1YKPRycM3GzKbZUYDgLrmn
Punjabi Hits,Tareefan,"Karan Aujla, DIVINE",Street Dreams,2024-02-16,61,2Oj9fYVgSyJ2LlGs1WTf3P
Punjabi Hits,"Akhiyaan Gulaab (From ""Teri Baaton Mein Aisa Uljha Jiya"")",Mitraz,"Akhiyaan Gulaab (From ""Teri Baaton Mein Aisa Uljha Jiya"")",2024-01-19,72,0M0ANKNzmM4Odd7FNKghzW
Punjabi Hits,Real Talk,"AP Dhillon, Shinda Kahlon",Real Talk,2024-03-15,43,4mPtl3xcn3YForEsRWIsAT
Punjabi Hits,Mi Amor,"Sharn, The Paul",Mi Amor,2022-09-30,24,6abZ3FsLpBIKhjq387M6VH
Punjabi Hits,Lover,Diljit Dosanjh,MoonChild Era,2021-08-22,68,0XwRlvv3KlOu4HWlOH34XG
Punjabi Hits,8 ASLE,"Sukha, Chani Nattan, Prodgk, Gurlez Akhtar",UNDISPUTED,2023-11-17,66,6wkHR8cU4INbp145hngbQO
Punjabi Hits,Drippy,"Sidhu Moose Wala, Mxrci, AR Paisley",Drippy,2024-02-02,61,4fnIORP0QTYTOMPqMKpJtF
Punjabi Hits,Cheques,Shubh,Still Rollin,2023-05-19,76,4eBvRhTJ2AcxCsbfTUjoRp
Punjabi Hits,Hot Shit,Arjan Dhillon,Chobar,2024-02-01,57,5olluo8Xh733gDwhmchDlp
Punjabi Hits,1234,"Parmish Verma, Chani Nattan, Inderpal Moga, Mad Mix",Y Hate ?,2024-02-15,37,5FG4L93PesZSprpYuF5Xv7
Punjabi Hits,Yaad,"Karan Aujla, DIVINE, Jonita Gandhi",Street Dreams,2024-02-16,59,0GxXlmjiZNBWi44AUblZsR
Punjabi Hits,Kinni Kinni,"Diljit Dosanjh, thiarajxtt",Ghost,2023-09-29,71,3F3ZuXYFXGM1V6pk3b3zmi
Punjabi Hits,Hood Anthem,Shubh,Leo,2024-01-05,57,0GlMiCB4JQRIN6n9h7WkNi
Punjabi Hits,Belong,"Straight Bank, Big Boi Deep, DJ Prodiigy",The Straight Bank Project,2021-01-27,38,5mCRJhRW1XDXbrYQxj2cnv
Punjabi Hits,Apa Fer Milaange,"Savi Kahlon, The Masterz",Apa Fer Milaange,2023-12-15,63,6JP8RinqsLkPiBi7B0VLGJ
Punjabi Hits,Hisaab,"DIVINE, Karan Aujla",Street Dreams,2024-02-16,47,1yRBYvgibg7JVS6uGvbDGU
Punjabi Hits,Case,"Diljit Dosanjh, Intense",Ghost,2023-09-29,61,0TdWXMXyfTQ2qp5vvU9LID
Punjabi Hits,Mohalla,"Afsana Khan, Abeer, Oye Kunaal",Mohalla,2024-03-12,33,4CMTAmFhX0nYk7k5PWjsoK
Punjabi Hits,With You,AP Dhillon,With You,2023-08-11,73,0xIuPDzJSnJywALez8dwKR
Punjabi Hits,Scars,AP Dhillon,First of a Kind (From the Amazon Original Series),2023-09-08,53,2WzcdOr9IGIWjGQLEtV90Y
Punjabi Hits,Watch Out,"Sidhu Moose Wala, Sikander Kahlon, Mxrci",Watch Out,2023-11-12,57,3ZzUOWnQuNxenx2MbZqtYq
Punjabi Hits,True Stories,"AP Dhillon, Shinda Kahlon",True Stories,2023-06-16,67,28lvraTNIN8qiTpoIK7m8Z
Punjabi Hits,Summer High,AP Dhillon,Summer High,2022-08-05,69,1aL9518P5G72N92b48tuKw
Punjabi Hits,Jatt Vailly,"Diljit Dosanjh, thiarajxtt",Ghost,2023-09-29,56,18kRElgBSIAsd3DHPUajuI
Punjabi Hits,Sleepless,AP Dhillon,Sleepless,2023-07-14,55,6TJ8etbh8uFFLuVbLj25lz
Punjabi Hits,Attraction,"Sukha, Prodgk",Attraction,2023-07-14,63,0biuGbhZwYnuUwMOi4fvaN
Punjabi Hits,Heeriye (feat. Arijit Singh),"Jasleen Royal, Arijit Singh, Dulquer Salmaan",Heeriye (feat. Arijit Singh),2023-07-25,75,5PUXKVVVQ74C3gl5vKy9Li
Punjabi Hits,Obsessed,"Riar Saab, Abhijay Sharma",Obsessed,2022-09-29,65,6Z4rRhYZVQsYKmrxD40tru
Punjabi Hits,Still Rollin,Shubh,Still Rollin,2023-05-19,69,6oz1L5jcqZWYuId7nxvIan
Punjabi Hits,4.10,"DIVINE, Lal Chand Yamla Jatt",4.10,2023-12-22,53,1AcoISAQZgYBflkE9JgOl4
Punjabi Hits,California Love,"Cheema Y, Gur Sidhu",ANYWAY,2023-01-30,71,610keNiNVTIkYD0CqeSerg
Punjabi Hits,Apa Fer Milaangey,"Savi Kahlon, The Masterz",Apa Fer Milaangey,2023-12-05,55,5BBB2PDgDWi6NBECj0wJiA
Punjabi Hits,Jee Ni Lagda,"Karan Aujla, Ikky",Making Memories,2023-08-18,68,1Er6TEtbyuW1b9QtBVkggD
Punjabi Hits,Mera Na,"Sidhu Moose Wala, Burna Boy, Steel Banglez",Mera Na,2023-04-07,54,0TlGvDUBcIUGZOroftyVF4
Punjabi Hits,Admirin' You (feat. Preston Pablo),"Karan Aujla, Ikky, Preston Pablo",Admirin' You (feat. Preston Pablo),2023-08-01,64,6NJ8Z5GDoHe47R6gGX6sLq
Punjabi Hits,295,Sidhu Moose Wala,Moosetape,2021-05-15,71,5W7DOVGQLTigu09afW7QMT
Punjabi Hits,52 Bars,"Karan Aujla, Ikky",Four You,2023-02-04,73,6rFckZb1cuJYzsZiGHgqks
Punjabi Hits,Pagol,"Deep Jandu, Bohemia",Pagol,2019,59,7MpfARGQRFqZxHEWLBjDkx
Punjabi Hits,Wo Noor,AP Dhillon,Two Hearts Never Break The Same,2022-10-07,67,32FVH23yFXr8Z0sfjRw4It
Punjabi Hits,The Last Ride,"Sidhu Moose Wala, Wazir Patar",The Last Ride,2022-05-15,62,7B4uYqxTpTOS1sgxFB9Ann
Punjabi Hits,Chorni,"DIVINE, Sidhu Moose Wala",Chorni,2023-07-07,62,3GEiVoaUXq468gfYs2EPfh
Punjabi Hits,Check It Out,"Parmish Verma, Paradox",Check It Out,2023-06-27,67,4VosVUajzm6nzGlSb6nP3L
Punjabi Hits,SPAIN,"Jassa Dhillon, thiarajxtt",VIBIN,2023-01-09,62,4ZVtid5khBfDx6Co0vTUE6
Punjabi Hits,Rubicon Drill,"Laddi Chahal, Parmish Verma, Gurlez Akhtar",Forever,2022-11-16,63,03yKEFruN3BS2coglBtt2N
Punjabi Hits,Wiseman Sidhu,Sidhu,Wiseman Sidhu,2023-08-16,0,1hty36TBSTEnEXN8Wa9dzf
Punjabi Hits,Daku,"Chani Nattan, Inderpal Moga",Daku,2021-01-16,58,7DwTSQkrMt6JdxxDOvskjW
Punjabi Hits,On Top,Karan Aujla,On Top,2022-11-25,0,2xFg6AyHkXFruGxRjy7Uzn
Punjabi Hits,P.O.V (Point of View),"Karan Aujla, Yeah Proof",P.O.V (Point of View),2023-04-24,40,6UrzFiKewXzRrRDx7lKxa6
Punjabi Hits,Moon Rise,"Guru Randhawa, Sanjoy",Man Of The Moon,2022-08-22,61,3oWv5qDKYN7MH6FdlglMN5
Punjabi Hits,Her,Shubh,Her,2022-11-30,62,6biqkuWq069vByAEeGxZlr
Punjabi Hits,angels,"HRJXT, Intense",Twenty Two,2022-02-22,53,1tzMa1ma7O05lIgr4XKia8
Punjabi Hits,Showstopper,JERRY,Showstopper,2023-04-11,0,64mInfKzmJIbuTvcnhRgfW
Punjabi Hits,WAKE UP,Gurinder Gill,HARD CHOICES,2023-06-09,58,69vbni6QGflWHbLmhL3j3m
Punjabi Hits,Players,"Badshah, Karan Aujla, Devika Badyal",Players,2022-12-21,56,5TjVLCESR9XIp5vDAWYfmi
Punjabi Hits,Luna,Diljit Dosanjh,MoonChild Era,2021-08-22,50,1Hy2ZRkFGC3P47r6lDX2sy
Punjabi Hits,Bachke Bachke (feat. Yarah),"Karan Aujla, Ikky, Yarah",Making Memories,2023-08-18,67,2uWZ7EGddFlA1DJ3Rzzvs2
Punjabi Hits,Take It Easy,"Karan Aujla, Ikky",Four You,2023-02-04,67,5si4xdFplkXAydKfFe1xXa
Punjabi Hits,Milde,"Arjan Dhillon, Mxrci",A for Arjan,2022-11-25,45,2d5u6ttu5nqLIdpzebeSuP
Punjabi Hits,Final Thoughts,"AP Dhillon, Shinda Kahlon, Gminxr",Two Hearts Never Break The Same,2022-10-07,56,5yj7D4UllTkAccTmROibCQ
Punjabi Hits,Balle Jatta,Diljit Dosanjh,Balle Jatta,2022-10-21,43,3TMub7U6GmZ9RIaQpQerbZ
Punjabi Hits,Baller,"Shubh, Ikky",Baller,2022-09-09,67,42TMa2hgBNjte4uV7jNCnQ
Punjabi Hits,No Love,Shubh,No Love,2022-02-22,73,08Isz2ETWSBhvIl8UpKYsp
Punjabi Hits,Wytb,"Karan Aujla, Gurlez Akhtar",Wytb,2022-11-25,53,0mitUgVDvaKFw4EuXZ8nLx
Punjabi Hits,Reshmi Rumal,"Arjan Dhillon, Arsh Heer",A for Arjan,2022-11-25,54,3hfP5vbZeGOKcczj7gg8La
Punjabi Hits,Notorious,Wazir Patar,Notorious,2021-04-30,0,0n34awvLFvIayNC43L9JYw
Punjabi Hits,Vibe,Diljit Dosanjh,MoonChild Era,2021-08-22,55,44gJjTJwY4eba0jpNnrlld
Punjabi Hits,Sheesha,Karan Aujla,Sheesha,2022-08-29,54,5uHy68Q7ZWe8Qq9k7EAprS
Punjabi Hits,Dhundhala,"Yashraj, Dropped Out, Talwiinder",Dhundhala,2022-02-18,0,5XseQZ9TGr06Rv1Ye6wCu0
Punjabi Hits,Waalian,Harnoor,Waalian,2020-08-10,0,68AyTcvyK46hpzwohHUkJI
Punjabi Hits,TERE TE,"AP Dhillon, Gurinder Gill",HIDDEN GEMS,2021-11-21,59,6TClJ8jXi3OBV7gcrU3jx5
Punjabi Hits,Bitch I'm Back,Sidhu Moose Wala,Moosetape,2021-05-15,63,2mKvEIvd912eg3FZ8WamMS
Punjabi Hits,Same Beef,"Bohemia, Sidhu Moose Wala",Same Beef,2019-09-18,69,65c6VCikt7f5sAS1heoYQC
Punjabi Hits,Akhiyaan,Mitraz,Akhiyaan,2022-02-24,0,2l3dFxtoSMgMQVyRIUHjpz
Punjabi Hits,Never Fold,"Sidhu Moose Wala, Sunny Malton, SOE",No Name,2022-04-25,68,3JkVYvxNoGf2HCWJo61462
Punjabi Hits,Ilzaam,"Arjan Dhillon, Mxrci",Saroor,2023-06-29,53,0orOI8nTid7fxPvWIx1tKP
Punjabi Hits,OFFSHORE,Shubh,OFFSHORE,2021-11-22,0,4Mh04VNolWA9g97ychP72l
Punjabi Hits,Moonlight,Harnoor,Moonlight,2020-12-27,0,1WQYMD3P6vndxvVCtft1DW
Punjabi Hits,We Rollin,Shubh,We Rollin,2021-09-09,68,6ZYxNjuAU9Vy3VtF6W1dtE
Punjabi Hits,Cause Of You,Zehr Vibe,Cause Of You,2022-09-09,38,0J4IWvRmKF6Trw9MxSeCWE
Punjabi Hits,Qismat,Ammy Virk,Qismat,2017-07-17,61,3EqgnmFJIarfSqSdBWMI8r
Punjabi Hits,Gangland,Mankirt Aulakh,Mankirt Aulakh - Best Hits,2018-07-10,39,4UY2GSXlMHfrfvPbBdlRDv
Punjabi Hits,Judge,"Mankirt Aulakh, Flamme Music",Judge Ban Na,2022-02-04,55,6Ffl1BBRfr8I2ASR6iiRTe
Punjabi Hits,Kina Chir,The PropheC,The Lifestyle,2016-12-29,8,2jrKt7TeBeDtmLBZ3grQQj
Punjabi Hits,Brown Munde,"AP Dhillon, Gminxr, Gurinder Gill, Shinda Kahlon",Brown Munde,2020-09-18,70,58f4twRnbZOOVUhMUpplJ4
Punjabi Hits,Takeover,"AP Dhillon, Gurinder Gill, Money Musik, AR Paisley",Not by Chance,2020-12-23,61,5DVnSQ90r2M3gm6XbgTCLp
Punjabi Hits,Dior,Shubh,Still Rollin,2023-05-19,65,53QrRlALFJfZgdcGLKwy5s
Punjabi Hits,Sakhiyaan,Maninder Buttar,Sakhiyaan,2018-10-21,64,3sqRODOZ1Z6hR4F2tnFAlg
Punjabi Hits,Black & White,Diljit Dosanjh,MoonChild Era,2021-08-22,54,5wiSbeDm2p5yniuus7eH4J
Punjabi Hits,Satisfya,Imran Khan,Satisfya,2013-05-09,65,6HGoVbCUr63SgU3TjxEVj6
Punjabi Hits,Saada Pyaar,"AP Dhillon, Gurinder Gill, Money Musik",Not by Chance,2020-12-23,63,5gSVKG0R4xc8qtDIoyDNy8
Punjabi Hits,Pasoori,"Ali Sethi, Shae Gill",Pasoori,2022-02-07,59,7lvDsmTRXFE3dK4OjvRiWB
Punjabi Hits,Unforgettable,"Diljit Dosanjh, Intense, Chani Nattan",Unforgettable,2021-12-24,49,7HWMIRSmUrhlbveXerIEWk
Punjabi Hits,Dil Nu,"AP Dhillon, Shinda Kahlon",Two Hearts Never Break The Same,2022-10-07,74,7AsG1F1eMWd17RYan8M3Wm
Punjabi Hits,Lamberghini,"The Doorbeen, Ragini",Lamberghini - Single,2018-02-26,47,0N8eNF7HSu4wlZFcmjLUxt
Punjabi Hits,Laembadgini,Diljit Dosanjh,Do Gabru - Diljit Dosanjh & Akhil,2018-07-10,33,3JbAc6kG0otlXHso9uDucj
Punjabi Hits,Koka,"Diljit Dosanjh, Sargi Maan","Koka (From ""Babe Bhangra Paunde Ne"")",2022-09-23,41,1saDM1hv3pTHf9ulsxm5Iy
Punjabi Hits,Excuses,"AP Dhillon, Gurinder Gill, Intense",Excuses,2020-07-24,73,29m79w9xPMH4YCD6r8JSmV
Punjabi Hits,"High Rated Gabru (From ""High Rated Gabru"")",Guru Randhawa,High Rated Gabru - Guru Randhawa,2019-03-02,57,2LEwvQq0PFtrmIl2dikenr
Punjabi Hits,Old Skool,"Prem Dhillon, Sidhu Moose Wala",Old Skool,2020-08-05,59,4V9rQZOGILc4YfBnCDXgTz
Punjabi Hits,Schedule,"Tegi Pannu, Manni Sandhu",Schedule,2021-08-20,61,5eGsHi6RcL33gb9k89UYaB
Punjabi Hits,Born to Shine,Diljit Dosanjh,G.O.A.T.,2020-07-29,72,4XxfOvudrnBRdlgzEaq1sd
Punjabi Hits,Untouchable,"Tegi Pannu, Manni Sandhu",Untouchable,2022-01-21,59,2hDMBVN3P47GEhH5VtmA6m
Punjabi Hits,Signed to God,Sidhu Moose Wala,Moosetape,2021-05-15,63,3lRzVvMNG1QJcHlhLXM0lA
Punjabi Hits,Do Gallan - Let's Talk,"Garry Sandhu, Rahul Sathu",Do Gallan (Let's Talk),2018-11-09,62,7gBjvaMxE92ezPBMljMAcq
Punjabi Hits,Faraar,"Gurinder Gill, Shinda Kahlon, AP Dhillon",Faraar,2019-11-22,65,72H6G8v9xyuwdRBaTkoT5G
Punjabi Hits,Daru Badnaam,"Param Singh, Kamal Kahlon, Pratik Studio",Daru Badnaam,2016-12-24,2,5OF1g7uUehHvavUx13Yo8L
Punjabi Hits,Be Mine,Shubh,Be Mine,2024-07-05,16,2hnzUVqKBws7Vr0rvrRL1u
Punjabi Hits,Afterhours,"Bir, thiarajxtt",Afterhours,2022-07-06,64,7o1SDLghDwMc4OW3rKakVt
Punjabi Hits,G.O.A.T.,Diljit Dosanjh,G.O.A.T.,2020-07-29,69,46QbY78ha62aiu6gBgC7lS
Punjabi Hits,Levels,"Sidhu Moose Wala, Sunny Malton, The Kidd",Levels,2022-05-25,62,60YICjIPdL7LDBcCMK0tAk
Punjabi Hits,Everybody Hurts,Sidhu Moose Wala,No Name,2022-04-25,61,1w3exvIgbRFV2ijf6qyWm8
